{
  "project_info": {
    "project_number": "452764000017",
    "firebase_url": "https://test1-firebase-bf820.firebaseio.com",
    "project_id": "test1-firebase-bf820",
    "storage_bucket": "test1-firebase-bf820.appspot.com"
  },
  "client": [
    {
      "client_info": {
        "mobilesdk_app_id": "1:452764000017:android:207996dc24ddcddfdf76b0",
        "android_client_info": {
          "package_name": "tw.com.xvpower.firebase_photoproject_20200724"
        }
      },
      "oauth_client": [
        {
          "client_id": "452764000017-akhdsguahj66ov1q7af398epvctpq5ao.apps.googleusercontent.com",
          "client_type": 3
        }
      ],
      "api_key": [
        {
          "current_key": "AIzaSyDtnJ33l464fPjfyZDFdPvvw6EhKt_jjt0"
        }
      ],
      "services": {
        "appinvite_service": {
          "other_platform_oauth_client": [
            {
              "client_id": "452764000017-akhdsguahj66ov1q7af398epvctpq5ao.apps.googleusercontent.com",
              "client_type": 3
            }
          ]
        }
      }
    },
    {
      "client_info": {
        "mobilesdk_app_id": "1:452764000017:android:d593ddbea859a7a8df76b0",
        "android_client_info": {
          "package_name": "tw.com.xvpower.testfcm"
        }
      },
      "oauth_client": [
        {
          "client_id": "452764000017-akhdsguahj66ov1q7af398epvctpq5ao.apps.googleusercontent.com",
          "client_type": 3
        }
      ],
      "api_key": [
        {
          "current_key": "AIzaSyDtnJ33l464fPjfyZDFdPvvw6EhKt_jjt0"
        }
      ],
      "services": {
        "appinvite_service": {
          "other_platform_oauth_client": [
            {
              "client_id": "452764000017-akhdsguahj66ov1q7af398epvctpq5ao.apps.googleusercontent.com",
              "client_type": 3
            }
          ]
        }
      }
    },
    {
      "client_info": {
        "mobilesdk_app_id": "1:452764000017:android:0a6ff170e8559b8bdf76b0",
        "android_client_info": {
          "package_name": "tw.com.xvpower.testfirebaselogin"
        }
      },
      "oauth_client": [
        {
          "client_id": "452764000017-akhdsguahj66ov1q7af398epvctpq5ao.apps.googleusercontent.com",
          "client_type": 3
        }
      ],
      "api_key": [
        {
          "current_key": "AIzaSyDtnJ33l464fPjfyZDFdPvvw6EhKt_jjt0"
        }
      ],
      "services": {
        "appinvite_service": {
          "other_platform_oauth_client": [
            {
              "client_id": "452764000017-akhdsguahj66ov1q7af398epvctpq5ao.apps.googleusercontent.com",
              "client_type": 3
            }
          ]
        }
      }
    }
  ],
  "configuration_version": "1"
}