[

  {
    "name": "小民",
    "exam": [
      {
        "subject": "國文",
        "score": 80
      },
      {
        "subject": "數學",
        "score": 90
      },
      {
        "subject": "英文",
        "score": 70
      }
    ]
  },

  {
    "name": "小美",
    "exam": [
      {
        "subject": "國文",
        "score": 99
      },
      {
        "subject": "數學",
        "score": 70
      },
      {
        "subject": "英文",
        "score": 85
      }
    ]
  }
]

